name,type,value,date,,,,,,,,,,,,,,,
哈尔滨,哈,139,2004,,,,,,,,,,,,,,,
长春,沈,117,2004,,,,,,,,,,,,,,,
沈阳北,沈,158,2004,,,,,,,,,,,,,,,
沈阳,沈,145,2004,,,,,,,,,,,,,,,
北京,京,152,2004,,,,,,,,,,,,,,,
北京西,京,140,2004,,,,,,,,,,,,,,,
北京南,京,38,2004,,,,,,,,,,,,,,,
天津,京,136,2004,,,,,,,,,,,,,,,
石家庄,京,134,2004,,,,,,,,,,,,,,,
郑州,郑,216,2004,,,,,,,,,,,,,,,
郑州东,郑,0,2004,,,,,,,,,,,,,,,
汉口,武,102,2004,,,,,,,,,,,,,,,
武昌,武,136,2004,,,,,,,,,,,,,,,
武汉,武,0,2004,,,,,,,,,,,,,,,
西安,西,150,2004,,,,,,,,,,,,,,,
西安北,西,0,2004,,,,,,,,,,,,,,,
宝鸡,西,106,2004,,,,,,,,,,,,,,,
济南西,济,0,2004,,,,,,,,,,,,,,,
徐州,济,136,2004,,,,,,,,,,,,,,,
徐州东,上,0,2004,,,,,,,,,,,,,,,
合肥,上,60,2004,,,,,,,,,,,,,,,
合肥南,上,0,2004,,,,,,,,,,,,,,,
南京,上,159,2004,,,,,,,,,,,,,,,
南京南,上,0,2004,,,,,,,,,,,,,,,
镇江,上,106,2004,,,,,,,,,,,,,,,
常州,上,112,2004,,,,,,,,,,,,,,,
无锡,上,133,2004,,,,,,,,,,,,,,,
苏州,上,129,2004,,,,,,,,,,,,,,,
上海,上,188,2004,,,,,,,,,,,,,,,
上海南,上,0,2004,,,,,,,,,,,,,,,
上海虹桥,上,0,2004,,,,,,,,,,,,,,,
杭州,上,103,2004,,,,,,,,,,,,,,,
杭州东,上,58,2004,,,,,,,,,,,,,,,
义乌,上,95,2004,,,,,,,,,,,,,,,
金华,上,116,2004,,,,,,,,,,,,,,,
上饶,南,86,2004,,,,,,,,,,,,,,,
鹰潭,南,127,2004,,,,,,,,,,,,,,,
南昌,南,136,2004,,,,,,,,,,,,,,,
长沙,广,142,2004,,,,,,,,,,,,,,,
长沙南,广,0,2004,,,,,,,,,,,,,,,
株洲,广,160,2004,,,,,,,,,,,,,,,
衡阳,广,125,2004,,,,,,,,,,,,,,,
广州,广,173,2004,,,,,,,,,,,,,,,
广州东,广,182,2004,,,,,,,,,,,,,,,
广州南,广,0,2004,,,,,,,,,,,,,,,
东莞,广,95,2004,,,,,,,,,,,,,,,
深圳,广,166,2004,,,,,,,,,,,,,,,
深圳北,广,0,2004,,,,,,,,,,,,,,,
成都,成,98,2004,,,,,,,,,,,,,,,
成都东,成,0,2004,,,,,,,,,,,,,,,
哈尔滨,哈,149,2005,,,,,,,,,,,,,,,
长春,沈,120,2005,,,,,,,,,,,,,,,
沈阳北,沈,163,2005,,,,,,,,,,,,,,,
沈阳,沈,143,2005,,,,,,,,,,,,,,,
北京,京,156,2005,,,,,,,,,,,,,,,
北京西,京,146,2005,,,,,,,,,,,,,,,
北京南,京,36,2005,,,,,,,,,,,,,,,
天津,京,137,2005,,,,,,,,,,,,,,,
石家庄,京,138,2005,,,,,,,,,,,,,,,
郑州,郑,221,2005,,,,,,,,,,,,,,,
郑州东,郑,0,2005,,,,,,,,,,,,,,,
汉口,武,101,2005,,,,,,,,,,,,,,,
武昌,武,140,2005,,,,,,,,,,,,,,,
武汉,武,0,2005,,,,,,,,,,,,,,,
西安,西,155,2005,,,,,,,,,,,,,,,
西安北,西,0,2005,,,,,,,,,,,,,,,
宝鸡,西,108,2005,,,,,,,,,,,,,,,
济南西,济,0,2005,,,,,,,,,,,,,,,
徐州,济,141,2005,,,,,,,,,,,,,,,
徐州东,上,0,2005,,,,,,,,,,,,,,,
合肥,上,66,2005,,,,,,,,,,,,,,,
合肥南,上,0,2005,,,,,,,,,,,,,,,
南京,上,116,2005,,,,,,,,,,,,,,,
南京南,上,0,2005,,,,,,,,,,,,,,,
镇江,上,109,2005,,,,,,,,,,,,,,,
常州,上,122,2005,,,,,,,,,,,,,,,
无锡,上,143,2005,,,,,,,,,,,,,,,
苏州,上,141,2005,,,,,,,,,,,,,,,
上海,上,208,2005,,,,,,,,,,,,,,,
上海南,上,0,2005,,,,,,,,,,,,,,,
上海虹桥,上,0,2005,,,,,,,,,,,,,,,
杭州,上,100,2005,,,,,,,,,,,,,,,
杭州东,上,68,2005,,,,,,,,,,,,,,,
义乌,上,95,2005,,,,,,,,,,,,,,,
金华,上,115,2005,,,,,,,,,,,,,,,
上饶,南,80,2005,,,,,,,,,,,,,,,
鹰潭,南,123,2005,,,,,,,,,,,,,,,
南昌,南,132,2005,,,,,,,,,,,,,,,
长沙,广,141,2005,,,,,,,,,,,,,,,
长沙南,广,0,2005,,,,,,,,,,,,,,,
株洲,广,162,2005,,,,,,,,,,,,,,,
衡阳,广,130,2005,,,,,,,,,,,,,,,
广州,广,180,2005,,,,,,,,,,,,,,,
广州东,广,184,2005,,,,,,,,,,,,,,,
广州南,广,0,2005,,,,,,,,,,,,,,,
东莞,广,93,2005,,,,,,,,,,,,,,,
深圳,广,170,2005,,,,,,,,,,,,,,,
深圳北,广,0,2005,,,,,,,,,,,,,,,
成都,成,100,2005,,,,,,,,,,,,,,,
成都东,成,0,2005,,,,,,,,,,,,,,,
哈尔滨,哈,156,2006,,,,,,,,,,,,,,,
长春,沈,120,2006,,,,,,,,,,,,,,,
沈阳北,沈,161,2006,,,,,,,,,,,,,,,
沈阳,沈,135,2006,,,,,,,,,,,,,,,
北京,京,176,2006,,,,,,,,,,,,,,,
北京西,京,177,2006,,,,,,,,,,,,,,,
北京南,京,0,2006,,,,,,,,,,,,,,,
天津,京,124,2006,,,,,,,,,,,,,,,
石家庄,京,140,2006,,,,,,,,,,,,,,,
郑州,郑,230,2006,,,,,,,,,,,,,,,
郑州东,郑,0,2006,,,,,,,,,,,,,,,
汉口,武,102,2006,,,,,,,,,,,,,,,
武昌,武,95,2006,,,,,,,,,,,,,,,
武汉,武,0,2006,,,,,,,,,,,,,,,
西安,西,186,2006,,,,,,,,,,,,,,,
西安北,西,0,2006,,,,,,,,,,,,,,,
宝鸡,西,132,2006,,,,,,,,,,,,,,,
济南西,济,0,2006,,,,,,,,,,,,,,,
徐州,济,149,2006,,,,,,,,,,,,,,,
徐州东,上,0,2006,,,,,,,,,,,,,,,
合肥,上,71,2006,,,,,,,,,,,,,,,
合肥南,上,0,2006,,,,,,,,,,,,,,,
南京,上,176,2006,,,,,,,,,,,,,,,
南京南,上,0,2006,,,,,,,,,,,,,,,
镇江,上,113,2006,,,,,,,,,,,,,,,
常州,上,122,2006,,,,,,,,,,,,,,,
无锡,上,148,2006,,,,,,,,,,,,,,,
苏州,上,137,2006,,,,,,,,,,,,,,,
上海,上,169,2006,,,,,,,,,,,,,,,
上海南,上,65,2006,,,,,,,,,,,,,,,
上海虹桥,上,0,2006,,,,,,,,,,,,,,,
杭州,上,92,2006,,,,,,,,,,,,,,,
杭州东,上,83,2006,,,,,,,,,,,,,,,
义乌,上,96,2006,,,,,,,,,,,,,,,
金华,上,108,2006,,,,,,,,,,,,,,,
上饶,南,74,2006,,,,,,,,,,,,,,,
鹰潭,南,119,2006,,,,,,,,,,,,,,,
南昌,南,124,2006,,,,,,,,,,,,,,,
长沙,广,147,2006,,,,,,,,,,,,,,,
长沙南,广,0,2006,,,,,,,,,,,,,,,
株洲,广,160,2006,,,,,,,,,,,,,,,
衡阳,广,134,2006,,,,,,,,,,,,,,,
广州,广,185,2006,,,,,,,,,,,,,,,
广州东,广,165,2006,,,,,,,,,,,,,,,
广州南,广,0,2006,,,,,,,,,,,,,,,
东莞,广,81,2006,,,,,,,,,,,,,,,
深圳,广,162,2006,,,,,,,,,,,,,,,
深圳北,广,0,2006,,,,,,,,,,,,,,,
成都,成,114,2006,,,,,,,,,,,,,,,
成都东,成,0,2006,,,,,,,,,,,,,,,
哈尔滨,哈,171,2007,,,,,,,,,,,,,,,
长春,沈,126,2007,,,,,,,,,,,,,,,
沈阳北,沈,184,2007,,,,,,,,,,,,,,,
沈阳,沈,147,2007,,,,,,,,,,,,,,,
北京,京,198,2007,,,,,,,,,,,,,,,
北京西,京,210,2007,,,,,,,,,,,,,,,
北京南,京,0,2007,,,,,,,,,,,,,,,
天津,京,122,2007,,,,,,,,,,,,,,,
石家庄,京,162,2007,,,,,,,,,,,,,,,
郑州,郑,258,2007,,,,,,,,,,,,,,,
郑州东,郑,0,2007,,,,,,,,,,,,,,,
汉口,武,116,2007,,,,,,,,,,,,,,,
武昌,武,95,2007,,,,,,,,,,,,,,,
武汉,武,0,2007,,,,,,,,,,,,,,,
西安,西,188,2007,,,,,,,,,,,,,,,
西安北,西,0,2007,,,,,,,,,,,,,,,
宝鸡,西,114,2007,,,,,,,,,,,,,,,
济南西,济,0,2007,,,,,,,,,,,,,,,
徐州,济,165,2007,,,,,,,,,,,,,,,
徐州东,上,0,2007,,,,,,,,,,,,,,,
合肥,上,74,2007,,,,,,,,,,,,,,,
合肥南,上,0,2007,,,,,,,,,,,,,,,
南京,上,220,2007,,,,,,,,,,,,,,,
南京南,上,0,2007,,,,,,,,,,,,,,,
镇江,上,114,2007,,,,,,,,,,,,,,,
常州,上,135,2007,,,,,,,,,,,,,,,
无锡,上,158,2007,,,,,,,,,,,,,,,
苏州,上,141,2007,,,,,,,,,,,,,,,
上海,上,206,2007,,,,,,,,,,,,,,,
上海南,上,86,2007,,,,,,,,,,,,,,,
上海虹桥,上,0,2007,,,,,,,,,,,,,,,
杭州,上,105,2007,,,,,,,,,,,,,,,
杭州东,上,99,2007,,,,,,,,,,,,,,,
义乌,上,115,2007,,,,,,,,,,,,,,,
金华,上,135,2007,,,,,,,,,,,,,,,
上饶,南,95,2007,,,,,,,,,,,,,,,
鹰潭,南,148,2007,,,,,,,,,,,,,,,
南昌,南,160,2007,,,,,,,,,,,,,,,
长沙,广,153,2007,,,,,,,,,,,,,,,
长沙南,广,0,2007,,,,,,,,,,,,,,,
株洲,广,187,2007,,,,,,,,,,,,,,,
衡阳,广,142,2007,,,,,,,,,,,,,,,
广州,广,181,2007,,,,,,,,,,,,,,,
广州东,广,187,2007,,,,,,,,,,,,,,,
广州南,广,0,2007,,,,,,,,,,,,,,,
东莞,广,92,2007,,,,,,,,,,,,,,,
深圳,广,174,2007,,,,,,,,,,,,,,,
深圳北,广,0,2007,,,,,,,,,,,,,,,
成都,成,112,2007,,,,,,,,,,,,,,,
成都东,成,0,2007,,,,,,,,,,,,,,,
哈尔滨,哈,185,2008,,,,,,,,,,,,,,,
长春,沈,139,2008,,,,,,,,,,,,,,,
沈阳北,沈,200,2008,,,,,,,,,,,,,,,
沈阳,沈,155,2008,,,,,,,,,,,,,,,
北京,京,167,2008,,,,,,,,,,,,,,,
北京西,京,205,2008,,,,,,,,,,,,,,,
北京南,京,141,2008,,,,,,,,,,,,,,,
天津,京,240,2008,,,,,,,,,,,,,,,
石家庄,京,171,2008,,,,,,,,,,,,,,,
郑州,郑,265,2008,,,,,,,,,,,,,,,
郑州东,郑,0,2008,,,,,,,,,,,,,,,
汉口,武,61,2008,,,,,,,,,,,,,,,
武昌,武,163,2008,,,,,,,,,,,,,,,
武汉,武,0,2008,,,,,,,,,,,,,,,
西安,西,174,2008,,,,,,,,,,,,,,,
西安北,西,0,2008,,,,,,,,,,,,,,,
宝鸡,西,97,2008,,,,,,,,,,,,,,,
济南西,济,0,2008,,,,,,,,,,,,,,,
徐州,上,169,2008,,,,,,,,,,,,,,,
徐州东,上,0,2008,,,,,,,,,,,,,,,
合肥,上,92,2008,,,,,,,,,,,,,,,
合肥南,上,0,2008,,,,,,,,,,,,,,,
南京,上,233,2008,,,,,,,,,,,,,,,
南京南,上,0,2008,,,,,,,,,,,,,,,
镇江,上,121,2008,,,,,,,,,,,,,,,
常州,上,143,2008,,,,,,,,,,,,,,,
无锡,上,162,2008,,,,,,,,,,,,,,,
苏州,上,149,2008,,,,,,,,,,,,,,,
上海,上,195,2008,,,,,,,,,,,,,,,
上海南,上,116,2008,,,,,,,,,,,,,,,
上海虹桥,上,0,2008,,,,,,,,,,,,,,,
杭州,上,117,2008,,,,,,,,,,,,,,,
杭州东,上,94,2008,,,,,,,,,,,,,,,
义乌,上,121,2008,,,,,,,,,,,,,,,
金华,上,138,2008,,,,,,,,,,,,,,,
上饶,南,99,2008,,,,,,,,,,,,,,,
鹰潭,南,152,2008,,,,,,,,,,,,,,,
南昌,南,164,2008,,,,,,,,,,,,,,,
长沙,广,163,2008,,,,,,,,,,,,,,,
长沙南,广,0,2008,,,,,,,,,,,,,,,
株洲,广,199,2008,,,,,,,,,,,,,,,
衡阳,广,146,2008,,,,,,,,,,,,,,,
广州,广,185,2008,,,,,,,,,,,,,,,
广州东,广,219,2008,,,,,,,,,,,,,,,
广州南,广,0,2008,,,,,,,,,,,,,,,
东莞,广,117,2008,,,,,,,,,,,,,,,
深圳,广,212,2008,,,,,,,,,,,,,,,
深圳北,广,0,2008,,,,,,,,,,,,,,,
成都,成,112,2008,,,,,,,,,,,,,,,
成都东,成,0,2008,,,,,,,,,,,,,,,
哈尔滨,哈,212,2009,,,,,,,,,,,,,,,
长春,沈,170,2009,,,,,,,,,,,,,,,
沈阳北,沈,230,2009,,,,,,,,,,,,,,,
沈阳,沈,158,2009,,,,,,,,,,,,,,,
北京,京,174,2009,,,,,,,,,,,,,,,
北京西,京,234,2009,,,,,,,,,,,,,,,
北京南,京,150,2009,,,,,,,,,,,,,,,
天津,京,266,2009,,,,,,,,,,,,,,,
石家庄,京,170,2009,,,,,,,,,,,,,,,
郑州,郑,279,2009,,,,,,,,,,,,,,,
郑州东,郑,0,2009,,,,,,,,,,,,,,,
汉口,武,59,2009,,,,,,,,,,,,,,,
武昌,武,177,2009,,,,,,,,,,,,,,,
武汉,武,52,2009,,,,,,,,,,,,,,,
西安,西,192,2009,,,,,,,,,,,,,,,
西安北,西,0,2009,,,,,,,,,,,,,,,
宝鸡,西,112,2009,,,,,,,,,,,,,,,
济南西,济,0,2009,,,,,,,,,,,,,,,
徐州,上,197,2009,,,,,,,,,,,,,,,
徐州东,上,0,2009,,,,,,,,,,,,,,,
合肥,上,124,2009,,,,,,,,,,,,,,,
合肥南,上,0,2009,,,,,,,,,,,,,,,
南京,上,245,2009,,,,,,,,,,,,,,,
南京南,上,0,2009,,,,,,,,,,,,,,,
镇江,上,125,2009,,,,,,,,,,,,,,,
常州,上,149,2009,,,,,,,,,,,,,,,
无锡,上,167,2009,,,,,,,,,,,,,,,
苏州,上,157,2009,,,,,,,,,,,,,,,
上海,上,214,2009,,,,,,,,,,,,,,,
上海南,上,133,2009,,,,,,,,,,,,,,,
上海虹桥,上,0,2009,,,,,,,,,,,,,,,
杭州,上,139,2009,,,,,,,,,,,,,,,
杭州东,上,89,2009,,,,,,,,,,,,,,,
义乌,上,127,2009,,,,,,,,,,,,,,,
金华,上,147,2009,,,,,,,,,,,,,,,
上饶,南,107,2009,,,,,,,,,,,,,,,
鹰潭,南,163,2009,,,,,,,,,,,,,,,
南昌,南,180,2009,,,,,,,,,,,,,,,
长沙,广,156,2009,,,,,,,,,,,,,,,
长沙南,广,52,2009,,,,,,,,,,,,,,,
株洲,广,202,2009,,,,,,,,,,,,,,,
衡阳,广,139,2009,,,,,,,,,,,,,,,
广州,广,182,2009,,,,,,,,,,,,,,,
广州东,广,218,2009,,,,,,,,,,,,,,,
广州南,广,0,2009,,,,,,,,,,,,,,,
东莞,广,184,2009,,,,,,,,,,,,,,,
深圳,广,206,2009,,,,,,,,,,,,,,,
深圳北,广,0,2009,,,,,,,,,,,,,,,
成都,成,142,2009,,,,,,,,,,,,,,,
成都东,成,0,2009,,,,,,,,,,,,,,,
哈尔滨,哈,201,2010,,,,,,,,,,,,,,,
长春,沈,164,2010,,,,,,,,,,,,,,,
沈阳北,沈,191,2010,,,,,,,,,,,,,,,
沈阳,沈,135,2010,,,,,,,,,,,,,,,
北京,京,171,2010,,,,,,,,,,,,,,,
北京西,京,230,2010,,,,,,,,,,,,,,,
北京南,京,174,2010,,,,,,,,,,,,,,,
天津,京,274,2010,,,,,,,,,,,,,,,
石家庄,京,174,2010,,,,,,,,,,,,,,,
郑州,郑,311,2010,,,,,,,,,,,,,,,
郑州东,郑,0,2010,,,,,,,,,,,,,,,
汉口,武,69,2010,,,,,,,,,,,,,,,
武昌,武,186,2010,,,,,,,,,,,,,,,
武汉,武,131,2010,,,,,,,,,,,,,,,
西安,西,216,2010,,,,,,,,,,,,,,,
西安北,西,0,2010,,,,,,,,,,,,,,,
宝鸡,西,120,2010,,,,,,,,,,,,,,,
济南西,济,0,2010,,,,,,,,,,,,,,,
徐州,上,195,2010,,,,,,,,,,,,,,,
徐州东,上,0,2010,,,,,,,,,,,,,,,
合肥,上,131,2010,,,,,,,,,,,,,,,
合肥南,上,0,2010,,,,,,,,,,,,,,,
南京,上,321,2010,,,,,,,,,,,,,,,
南京南,上,0,2010,,,,,,,,,,,,,,,
镇江,上,184,2010,,,,,,,,,,,,,,,
常州,上,207,2010,,,,,,,,,,,,,,,
无锡,上,227,2010,,,,,,,,,,,,,,,
苏州,上,205,2010,,,,,,,,,,,,,,,
上海,上,188,2010,,,,,,,,,,,,,,,
上海南,上,92,2010,,,,,,,,,,,,,,,
上海虹桥,上,244,2010,,,,,,,,,,,,,,,
杭州,上,226,2010,,,,,,,,,,,,,,,
杭州东,上,0,2010,,,,,,,,,,,,,,,
义乌,上,125,2010,,,,,,,,,,,,,,,
金华,上,145,2010,,,,,,,,,,,,,,,
上饶,南,114,2010,,,,,,,,,,,,,,,
鹰潭,南,168,2010,,,,,,,,,,,,,,,
南昌,南,208,2010,,,,,,,,,,,,,,,
长沙,广,153,2010,,,,,,,,,,,,,,,
长沙南,广,147,2010,,,,,,,,,,,,,,,
株洲,广,198,2010,,,,,,,,,,,,,,,
衡阳,广,138,2010,,,,,,,,,,,,,,,
广州,广,189,2010,,,,,,,,,,,,,,,
广州东,广,239,2010,,,,,,,,,,,,,,,
广州南,广,147,2010,,,,,,,,,,,,,,,
东莞,广,220,2010,,,,,,,,,,,,,,,
深圳,广,230,2010,,,,,,,,,,,,,,,
深圳北,广,0,2010,,,,,,,,,,,,,,,
成都,成,193,2010,,,,,,,,,,,,,,,
成都东,成,0,2010,,,,,,,,,,,,,,,
哈尔滨,哈,203,2011,,,,,,,,,,,,,,,
长春,沈,222,2011,,,,,,,,,,,,,,,
沈阳北,沈,179,2011,,,,,,,,,,,,,,,
沈阳,沈,148,2011,,,,,,,,,,,,,,,
北京,京,185,2011,,,,,,,,,,,,,,,
北京西,京,240,2011,,,,,,,,,,,,,,,
北京南,京,309,2011,,,,,,,,,,,,,,,
天津,京,302,2011,,,,,,,,,,,,,,,
石家庄,京,165,2011,,,,,,,,,,,,,,,
郑州,郑,330,2011,,,,,,,,,,,,,,,
郑州东,郑,0,2011,,,,,,,,,,,,,,,
汉口,武,125,2011,,,,,,,,,,,,,,,
武昌,武,212,2011,,,,,,,,,,,,,,,
武汉,武,140,2011,,,,,,,,,,,,,,,
西安,西,196,2011,,,,,,,,,,,,,,,
西安北,西,30,2011,,,,,,,,,,,,,,,
宝鸡,西,124,2011,,,,,,,,,,,,,,,
济南西,济,136,2011,,,,,,,,,,,,,,,
徐州,上,178,2011,,,,,,,,,,,,,,,
徐州东,上,94,2011,,,,,,,,,,,,,,,
合肥,上,184,2011,,,,,,,,,,,,,,,
合肥南,上,0,2011,,,,,,,,,,,,,,,
南京,上,303,2011,,,,,,,,,,,,,,,
南京南,上,200,2011,,,,,,,,,,,,,,,
镇江,上,211,2011,,,,,,,,,,,,,,,
常州,上,246,2011,,,,,,,,,,,,,,,
无锡,上,283,2011,,,,,,,,,,,,,,,
苏州,上,275,2011,,,,,,,,,,,,,,,
上海,上,213,2011,,,,,,,,,,,,,,,
上海南,上,104,2011,,,,,,,,,,,,,,,
上海虹桥,上,376,2011,,,,,,,,,,,,,,,
杭州,上,217,2011,,,,,,,,,,,,,,,
杭州东,上,0,2011,,,,,,,,,,,,,,,
义乌,上,142,2011,,,,,,,,,,,,,,,
金华,上,162,2011,,,,,,,,,,,,,,,
上饶,南,129,2011,,,,,,,,,,,,,,,
鹰潭,南,192,2011,,,,,,,,,,,,,,,
南昌,南,233,2011,,,,,,,,,,,,,,,
长沙,广,191,2011,,,,,,,,,,,,,,,
长沙南,广,181,2011,,,,,,,,,,,,,,,
株洲,广,224,2011,,,,,,,,,,,,,,,
衡阳,广,173,2011,,,,,,,,,,,,,,,
广州,广,194,2011,,,,,,,,,,,,,,,
广州东,广,283,2011,,,,,,,,,,,,,,,
广州南,广,282,2011,,,,,,,,,,,,,,,
东莞,广,199,2011,,,,,,,,,,,,,,,
深圳,广,239,2011,,,,,,,,,,,,,,,
深圳北,广,0,2011,,,,,,,,,,,,,,,
成都,成,190,2011,,,,,,,,,,,,,,,
成都东,成,48,2011,,,,,,,,,,,,,,,
哈尔滨,哈,193,2012,,,,,,,,,,,,,,,
长春,沈,217,2012,,,,,,,,,,,,,,,
沈阳北,沈,172,2012,,,,,,,,,,,,,,,
沈阳,沈,164,2012,,,,,,,,,,,,,,,
北京,京,195,2012,,,,,,,,,,,,,,,
北京西,京,209,2012,,,,,,,,,,,,,,,
北京南,京,262,2012,,,,,,,,,,,,,,,
天津,京,281,2012,,,,,,,,,,,,,,,
石家庄,京,166,2012,,,,,,,,,,,,,,,
郑州,郑,302,2012,,,,,,,,,,,,,,,
郑州东,郑,34,2012,,,,,,,,,,,,,,,
汉口,武,146,2012,,,,,,,,,,,,,,,
武昌,武,202,2012,,,,,,,,,,,,,,,
武汉,武,151,2012,,,,,,,,,,,,,,,
西安,西,197,2012,,,,,,,,,,,,,,,
西安北,西,40,2012,,,,,,,,,,,,,,,
宝鸡,西,120,2012,,,,,,,,,,,,,,,
济南西,济,119,2012,,,,,,,,,,,,,,,
徐州,上,159,2012,,,,,,,,,,,,,,,
徐州东,上,79,2012,,,,,,,,,,,,,,,
合肥,上,157,2012,,,,,,,,,,,,,,,
合肥南,上,0,2012,,,,,,,,,,,,,,,
南京,上,265,2012,,,,,,,,,,,,,,,
南京南,上,162,2012,,,,,,,,,,,,,,,
镇江,上,186,2012,,,,,,,,,,,,,,,
常州,上,226,2012,,,,,,,,,,,,,,,
无锡,上,239,2012,,,,,,,,,,,,,,,
苏州,上,237,2012,,,,,,,,,,,,,,,
上海,上,184,2012,,,,,,,,,,,,,,,
上海南,上,98,2012,,,,,,,,,,,,,,,
上海虹桥,上,288,2012,,,,,,,,,,,,,,,
杭州,上,182,2012,,,,,,,,,,,,,,,
杭州东,上,0,2012,,,,,,,,,,,,,,,
义乌,上,133,2012,,,,,,,,,,,,,,,
金华,上,151,2012,,,,,,,,,,,,,,,
上饶,南,95,2012,,,,,,,,,,,,,,,
鹰潭,南,179,2012,,,,,,,,,,,,,,,
南昌,南,218,2012,,,,,,,,,,,,,,,
长沙,广,168,2012,,,,,,,,,,,,,,,
长沙南,广,136,2012,,,,,,,,,,,,,,,
株洲,广,212,2012,,,,,,,,,,,,,,,
衡阳,广,154,2012,,,,,,,,,,,,,,,
广州,广,185,2012,,,,,,,,,,,,,,,
广州东,广,212,2012,,,,,,,,,,,,,,,
广州南,广,249,2012,,,,,,,,,,,,,,,
东莞,广,184,2012,,,,,,,,,,,,,,,
深圳,广,206,2012,,,,,,,,,,,,,,,
深圳北,广,78,2012,,,,,,,,,,,,,,,
成都,成,163,2012,,,,,,,,,,,,,,,
成都东,成,50,2012,,,,,,,,,,,,,,,
哈尔滨,哈,177,2013,,,,,,,,,,,,,,,
长春,沈,248,2013,,,,,,,,,,,,,,,
沈阳北,沈,261,2013,,,,,,,,,,,,,,,
沈阳,沈,192,2013,,,,,,,,,,,,,,,
北京,京,211,2013,,,,,,,,,,,,,,,
北京西,京,257,2013,,,,,,,,,,,,,,,
北京南,京,304,2013,,,,,,,,,,,,,,,
天津,京,309,2013,,,,,,,,,,,,,,,
石家庄,京,256,2013,,,,,,,,,,,,,,,
郑州,郑,281,2013,,,,,,,,,,,,,,,
郑州东,郑,91,2013,,,,,,,,,,,,,,,
汉口,武,170,2013,,,,,,,,,,,,,,,
武昌,武,196,2013,,,,,,,,,,,,,,,
武汉,武,190,2013,,,,,,,,,,,,,,,
西安,西,202,2013,,,,,,,,,,,,,,,
西安北,西,50,2013,,,,,,,,,,,,,,,
宝鸡,西,120,2013,,,,,,,,,,,,,,,
济南西,济,157,2013,,,,,,,,,,,,,,,
徐州,上,170,2013,,,,,,,,,,,,,,,
徐州东,上,110,2013,,,,,,,,,,,,,,,
合肥,上,223,2013,,,,,,,,,,,,,,,
合肥南,上,0,2013,,,,,,,,,,,,,,,
南京,上,287,2013,,,,,,,,,,,,,,,
南京南,上,260,2013,,,,,,,,,,,,,,,
镇江,上,209,2013,,,,,,,,,,,,,,,
常州,上,265,2013,,,,,,,,,,,,,,,
无锡,上,281,2013,,,,,,,,,,,,,,,
苏州,上,303,2013,,,,,,,,,,,,,,,
上海,上,201,2013,,,,,,,,,,,,,,,
上海南,上,242,2013,,,,,,,,,,,,,,,
上海虹桥,上,334,2013,,,,,,,,,,,,,,,
杭州,上,145,2013,,,,,,,,,,,,,,,
杭州东,上,261,2013,,,,,,,,,,,,,,,
义乌,上,135,2013,,,,,,,,,,,,,,,
金华,上,156,2013,,,,,,,,,,,,,,,
上饶,南,95,2013,,,,,,,,,,,,,,,
鹰潭,南,163,2013,,,,,,,,,,,,,,,
南昌,南,216,2013,,,,,,,,,,,,,,,
长沙,广,163,2013,,,,,,,,,,,,,,,
长沙南,广,164,2013,,,,,,,,,,,,,,,
株洲,广,200,2013,,,,,,,,,,,,,,,
衡阳,广,149,2013,,,,,,,,,,,,,,,
广州,广,182,2013,,,,,,,,,,,,,,,
广州东,广,238,2013,,,,,,,,,,,,,,,
广州南,广,287,2013,,,,,,,,,,,,,,,
东莞,广,0,2013,,,,,,,,,,,,,,,
深圳,广,220,2013,,,,,,,,,,,,,,,
深圳北,广,82,2013,,,,,,,,,,,,,,,
成都,成,168,2013,,,,,,,,,,,,,,,
成都东,成,67,2013,,,,,,,,,,,,,,,
哈尔滨,哈,170,2014,,,,,,,,,,,,,,,
长春,沈,268,2014,,,,,,,,,,,,,,,
沈阳北,沈,271,2014,,,,,,,,,,,,,,,
沈阳,沈,228,2014,,,,,,,,,,,,,,,
北京,京,267,2014,,,,,,,,,,,,,,,
北京西,京,318,2014,,,,,,,,,,,,,,,
北京南,京,368,2014,,,,,,,,,,,,,,,
天津,京,314,2014,,,,,,,,,,,,,,,
石家庄,京,330,2014,,,,,,,,,,,,,,,
郑州,郑,309,2014,,,,,,,,,,,,,,,
郑州东,郑,137,2014,,,,,,,,,,,,,,,
汉口,武,212,2014,,,,,,,,,,,,,,,
武昌,武,223,2014,,,,,,,,,,,,,,,
武汉,武,281,2014,,,,,,,,,,,,,,,
西安,西,213,2014,,,,,,,,,,,,,,,
西安北,西,112,2014,,,,,,,,,,,,,,,
宝鸡,西,128,2014,,,,,,,,,,,,,,,
济南西,济,216,2014,,,,,,,,,,,,,,,
徐州,上,189,2014,,,,,,,,,,,,,,,
徐州东,上,185,2014,,,,,,,,,,,,,,,
合肥,上,275,2014,,,,,,,,,,,,,,,
合肥南,上,0,2014,,,,,,,,,,,,,,,
南京,上,306,2014,,,,,,,,,,,,,,,
南京南,上,385,2014,,,,,,,,,,,,,,,
镇江,上,253,2014,,,,,,,,,,,,,,,
常州,上,313,2014,,,,,,,,,,,,,,,
无锡,上,330,2014,,,,,,,,,,,,,,,
苏州,上,357,2014,,,,,,,,,,,,,,,
上海,上,253,2014,,,,,,,,,,,,,,,
上海南,上,188,2014,,,,,,,,,,,,,,,
上海虹桥,上,406,2014,,,,,,,,,,,,,,,
杭州,上,146,2014,,,,,,,,,,,,,,,
杭州东,上,316,2014,,,,,,,,,,,,,,,
义乌,上,140,2014,,,,,,,,,,,,,,,
金华,上,162,2014,,,,,,,,,,,,,,,
上饶,南,101,2014,,,,,,,,,,,,,,,
鹰潭,南,167,2014,,,,,,,,,,,,,,,
南昌,南,227,2014,,,,,,,,,,,,,,,
长沙,广,202,2014,,,,,,,,,,,,,,,
长沙南,广,229,2014,,,,,,,,,,,,,,,
株洲,广,209,2014,,,,,,,,,,,,,,,
衡阳,广,188,2014,,,,,,,,,,,,,,,
广州,广,228,2014,,,,,,,,,,,,,,,
广州东,广,239,2014,,,,,,,,,,,,,,,
广州南,广,392,2014,,,,,,,,,,,,,,,
东莞,广,188,2014,,,,,,,,,,,,,,,
深圳,广,232,2014,,,,,,,,,,,,,,,
深圳北,广,235,2014,,,,,,,,,,,,,,,
成都,成,183,2014,,,,,,,,,,,,,,,
成都东,成,96,2014,,,,,,,,,,,,,,,
哈尔滨,哈,194,2015,,,,,,,,,,,,,,,
长春,沈,278,2015,,,,,,,,,,,,,,,
沈阳北,沈,265,2015,,,,,,,,,,,,,,,
沈阳,沈,222,2015,,,,,,,,,,,,,,,
北京,京,226,2015,,,,,,,,,,,,,,,
北京西,京,331,2015,,,,,,,,,,,,,,,
北京南,京,388,2015,,,,,,,,,,,,,,,
天津,京,389,2015,,,,,,,,,,,,,,,
石家庄,京,320,2015,,,,,,,,,,,,,,,
郑州,郑,343,2015,,,,,,,,,,,,,,,
郑州东,郑,163,2015,,,,,,,,,,,,,,,
汉口,武,247,2015,,,,,,,,,,,,,,,
武昌,武,210,2015,,,,,,,,,,,,,,,
武汉,武,327,2015,,,,,,,,,,,,,,,
西安,西,248,2015,,,,,,,,,,,,,,,
西安北,西,132,2015,,,,,,,,,,,,,,,
宝鸡,西,146,2015,,,,,,,,,,,,,,,
济南西,济,247,2015,,,,,,,,,,,,,,,
徐州,上,191,2015,,,,,,,,,,,,,,,
徐州东,上,208,2015,,,,,,,,,,,,,,,
合肥,上,136,2015,,,,,,,,,,,,,,,
合肥南,上,201,2015,,,,,,,,,,,,,,,
南京,上,302,2015,,,,,,,,,,,,,,,
南京南,上,379,2015,,,,,,,,,,,,,,,
镇江,上,238,2015,,,,,,,,,,,,,,,
常州,上,310,2015,,,,,,,,,,,,,,,
无锡,上,333,2015,,,,,,,,,,,,,,,
苏州,上,357,2015,,,,,,,,,,,,,,,
上海,上,246,2015,,,,,,,,,,,,,,,
上海南,上,233,2015,,,,,,,,,,,,,,,
上海虹桥,上,473,2015,,,,,,,,,,,,,,,
杭州,上,125,2015,,,,,,,,,,,,,,,
杭州东,上,428,2015,,,,,,,,,,,,,,,
义乌,上,192,2015,,,,,,,,,,,,,,,
金华,上,234,2015,,,,,,,,,,,,,,,
上饶,南,219,2015,,,,,,,,,,,,,,,
鹰潭,南,134,2015,,,,,,,,,,,,,,,
南昌,南,158,2015,,,,,,,,,,,,,,,
长沙,广,173,2015,,,,,,,,,,,,,,,
长沙南,广,355,2015,,,,,,,,,,,,,,,
株洲,广,206,2015,,,,,,,,,,,,,,,
衡阳,广,199,2015,,,,,,,,,,,,,,,
广州,广,222,2015,,,,,,,,,,,,,,,
广州东,广,227,2015,,,,,,,,,,,,,,,
广州南,广,579,2015,,,,,,,,,,,,,,,
东莞,广,200,2015,,,,,,,,,,,,,,,
深圳,广,222,2015,,,,,,,,,,,,,,,
深圳北,广,320,2015,,,,,,,,,,,,,,,
成都,成,137,2015,,,,,,,,,,,,,,,
成都东,成,142,2015,,,,,,,,,,,,,,,
哈尔滨,哈,207,2016,,,,,,,,,,,,,,,
长春,沈,299,2016,,,,,,,,,,,,,,,
沈阳北,沈,280,2016,,,,,,,,,,,,,,,
沈阳,沈,291,2016,,,,,,,,,,,,,,,
北京,京,224,2016,,,,,,,,,,,,,,,
北京西,京,326,2016,,,,,,,,,,,,,,,
北京南,京,381,2016,,,,,,,,,,,,,,,
天津,京,394,2016,,,,,,,,,,,,,,,
石家庄,京,383,2016,,,,,,,,,,,,,,,
郑州,郑,329,2016,,,,,,,,,,,,,,,
郑州东,郑,310,2016,,,,,,,,,,,,,,,
汉口,武,232,2016,,,,,,,,,,,,,,,
武昌,武,197,2016,,,,,,,,,,,,,,,
武汉,武,311,2016,,,,,,,,,,,,,,,
西安,西,239,2016,,,,,,,,,,,,,,,
西安北,西,180,2016,,,,,,,,,,,,,,,
宝鸡,西,134,2016,,,,,,,,,,,,,,,
济南西,济,240,2016,,,,,,,,,,,,,,,
徐州,上,189,2016,,,,,,,,,,,,,,,
徐州东,上,270,2016,,,,,,,,,,,,,,,
合肥,上,127,2016,,,,,,,,,,,,,,,
合肥南,上,233,2016,,,,,,,,,,,,,,,
南京,上,282,2016,,,,,,,,,,,,,,,
南京南,上,486,2016,,,,,,,,,,,,,,,
镇江,上,156,2016,,,,,,,,,,,,,,,
常州,上,259,2016,,,,,,,,,,,,,,,
无锡,上,294,2016,,,,,,,,,,,,,,,
苏州,上,347,2016,,,,,,,,,,,,,,,
上海,上,231,2016,,,,,,,,,,,,,,,
上海南,上,160,2016,,,,,,,,,,,,,,,
上海虹桥,上,490,2016,,,,,,,,,,,,,,,
杭州,上,110,2016,,,,,,,,,,,,,,,
杭州东,上,495,2016,,,,,,,,,,,,,,,
义乌,上,266,2016,,,,,,,,,,,,,,,
金华,上,273,2016,,,,,,,,,,,,,,,
上饶,南,261,2016,,,,,,,,,,,,,,,
鹰潭,南,133,2016,,,,,,,,,,,,,,,
南昌,南,117,2016,,,,,,,,,,,,,,,
长沙,广,165,2016,,,,,,,,,,,,,,,
长沙南,广,383,2016,,,,,,,,,,,,,,,
株洲,广,176,2016,,,,,,,,,,,,,,,
衡阳,广,153,2016,,,,,,,,,,,,,,,
广州,广,213,2016,,,,,,,,,,,,,,,
广州东,广,205,2016,,,,,,,,,,,,,,,
广州南,广,578,2016,,,,,,,,,,,,,,,
东莞,广,173,2016,,,,,,,,,,,,,,,
深圳,广,186,2016,,,,,,,,,,,,,,,
深圳北,广,342,2016,,,,,,,,,,,,,,,
成都,成,128,2016,,,,,,,,,,,,,,,
成都东,成,210,2016,,,,,,,,,,,,,,,
哈尔滨,哈,121,2017,,,,,,,,,,,,,,,
长春,沈,321,2017,,,,,,,,,,,,,,,
沈阳北,沈,266,2017,,,,,,,,,,,,,,,
沈阳,沈,306,2017,,,,,,,,,,,,,,,
北京,京,215,2017,,,,,,,,,,,,,,,
北京西,京,338,2017,,,,,,,,,,,,,,,
北京南,京,374,2017,,,,,,,,,,,,,,,
天津,京,399,2017,,,,,,,,,,,,,,,
石家庄,京,391,2017,,,,,,,,,,,,,,,
郑州,郑,286,2017,,,,,,,,,,,,,,,
郑州东,郑,341,2017,,,,,,,,,,,,,,,
汉口,武,276,2017,,,,,,,,,,,,,,,
武昌,武,202,2017,,,,,,,,,,,,,,,
武汉,武,362,2017,,,,,,,,,,,,,,,
西安,西,215,2017,,,,,,,,,,,,,,,
西安北,西,232,2017,,,,,,,,,,,,,,,
宝鸡,西,110,2017,,,,,,,,,,,,,,,
济南西,济,246,2017,,,,,,,,,,,,,,,
徐州,上,186,2017,,,,,,,,,,,,,,,
徐州东,上,272,2017,,,,,,,,,,,,,,,
合肥,上,126,2017,,,,,,,,,,,,,,,
合肥南,上,247,2017,,,,,,,,,,,,,,,
南京,上,293,2017,,,,,,,,,,,,,,,
南京南,上,515,2017,,,,,,,,,,,,,,,
镇江,上,175,2017,,,,,,,,,,,,,,,
常州,上,191,2017,,,,,,,,,,,,,,,
无锡,上,281,2017,,,,,,,,,,,,,,,
苏州,上,374,2017,,,,,,,,,,,,,,,
上海,上,250,2017,,,,,,,,,,,,,,,
上海南,上,162,2017,,,,,,,,,,,,,,,
上海虹桥,上,510,2017,,,,,,,,,,,,,,,
杭州,上,111,2017,,,,,,,,,,,,,,,
杭州东,上,533,2017,,,,,,,,,,,,,,,
义乌,上,293,2017,,,,,,,,,,,,,,,
金华,上,154,2017,,,,,,,,,,,,,,,
上饶,南,276,2017,,,,,,,,,,,,,,,
鹰潭,南,121,2017,,,,,,,,,,,,,,,
南昌,南,195,2017,,,,,,,,,,,,,,,
长沙,广,230,2017,,,,,,,,,,,,,,,
长沙南,广,408,2017,,,,,,,,,,,,,,,
株洲,广,161,2017,,,,,,,,,,,,,,,
衡阳,广,138,2017,,,,,,,,,,,,,,,
广州,广,214,2017,,,,,,,,,,,,,,,
广州东,广,206,2017,,,,,,,,,,,,,,,
广州南,广,720,2017,,,,,,,,,,,,,,,
东莞,广,202,2017,,,,,,,,,,,,,,,
深圳,广,192,2017,,,,,,,,,,,,,,,
深圳北,广,377,2017,,,,,,,,,,,,,,,
成都,成,114,2017,,,,,,,,,,,,,,,
成都东,成,214,2017,,,,,,,,,,,,,,,
哈尔滨,哈,97,2018,,,,,,,,,,,,,,,
长春,沈,320,2018,,,,,,,,,,,,,,,
沈阳北,沈,270,2018,,,,,,,,,,,,,,,
沈阳,沈,284,2018,,,,,,,,,,,,,,,
北京,京,220,2018,,,,,,,,,,,,,,,
北京西,京,334,2018,,,,,,,,,,,,,,,
北京南,京,448,2018,,,,,,,,,,,,,,,
天津,京,448,2018,,,,,,,,,,,,,,,
石家庄,京,422,2018,,,,,,,,,,,,,,,
郑州,郑,308,2018,,,,,,,,,,,,,,,
郑州东,郑,373,2018,,,,,,,,,,,,,,,
汉口,武,287,2018,,,,,,,,,,,,,,,
武昌,武,194,2018,,,,,,,,,,,,,,,
武汉,武,368,2018,,,,,,,,,,,,,,,
西安,西,189,2018,,,,,,,,,,,,,,,
西安北,西,310,2018,,,,,,,,,,,,,,,
宝鸡,西,83,2018,,,,,,,,,,,,,,,
济南西,济,284,2018,,,,,,,,,,,,,,,
徐州,上,188,2018,,,,,,,,,,,,,,,
徐州东,上,276,2018,,,,,,,,,,,,,,,
合肥,上,122,2018,,,,,,,,,,,,,,,
合肥南,上,254,2018,,,,,,,,,,,,,,,
南京,上,286,2018,,,,,,,,,,,,,,,
南京南,上,532,2018,,,,,,,,,,,,,,,
镇江,上,176,2018,,,,,,,,,,,,,,,
常州,上,266,2018,,,,,,,,,,,,,,,
无锡,上,268,2018,,,,,,,,,,,,,,,
苏州,上,370,2018,,,,,,,,,,,,,,,
上海,上,248,2018,,,,,,,,,,,,,,,
上海南,上,166,2018,,,,,,,,,,,,,,,
上海虹桥,上,520,2018,,,,,,,,,,,,,,,
杭州,上,114,2018,,,,,,,,,,,,,,,
杭州东,上,539,2018,,,,,,,,,,,,,,,
义乌,上,301,2018,,,,,,,,,,,,,,,
金华,上,160,2018,,,,,,,,,,,,,,,
上饶,南,282,2018,,,,,,,,,,,,,,,
鹰潭,南,98,2018,,,,,,,,,,,,,,,
南昌,南,211,2018,,,,,,,,,,,,,,,
长沙,广,254,2018,,,,,,,,,,,,,,,
长沙南,广,424,2018,,,,,,,,,,,,,,,
株洲,广,159,2018,,,,,,,,,,,,,,,
衡阳,广,146,2018,,,,,,,,,,,,,,,
广州,广,207,2018,,,,,,,,,,,,,,,
广州东,广,246,2018,,,,,,,,,,,,,,,
广州南,广,777,2018,,,,,,,,,,,,,,,
东莞,广,237,2018,,,,,,,,,,,,,,,
深圳,广,225,2018,,,,,,,,,,,,,,,
深圳北,广,477,2018,,,,,,,,,,,,,,,
成都,成,99,2018,,,,,,,,,,,,,,,
成都东,成,322,2018,,,,,,,,,,,,,,,
哈尔滨,哈,233,2019,,,,,,,,,,,,,,,
长春,沈,328,2019,,,,,,,,,,,,,,,
沈阳北,沈,276,2019,,,,,,,,,,,,,,,
沈阳,沈,335,2019,,,,,,,,,,,,,,,
北京,京,232,2019,,,,,,,,,,,,,,,
北京西,京,387,2019,,,,,,,,,,,,,,,
北京南,京,479,2019,,,,,,,,,,,,,,,
天津,京,339,2019,,,,,,,,,,,,,,,
石家庄,京,461,2019,,,,,,,,,,,,,,,
郑州,郑,315,2019,,,,,,,,,,,,,,,
郑州东,郑,417,2019,,,,,,,,,,,,,,,
汉口,武,296,2019,,,,,,,,,,,,,,,
武昌,武,204,2019,,,,,,,,,,,,,,,
武汉,武,393,2019,,,,,,,,,,,,,,,
西安,西,176,2019,,,,,,,,,,,,,,,
西安北,西,370,2019,,,,,,,,,,,,,,,
宝鸡,西,85,2019,,,,,,,,,,,,,,,
济南西,济,322,2019,,,,,,,,,,,,,,,
徐州,上,185,2019,,,,,,,,,,,,,,,
徐州东,上,298,2019,,,,,,,,,,,,,,,
合肥,上,134,2019,,,,,,,,,,,,,,,
合肥南,上,272,2019,,,,,,,,,,,,,,,
南京,上,291,2019,,,,,,,,,,,,,,,
南京南,上,593,2019,,,,,,,,,,,,,,,
镇江,上,142,2019,,,,,,,,,,,,,,,
常州,上,323,2019,,,,,,,,,,,,,,,
无锡,上,358,2019,,,,,,,,,,,,,,,
苏州,上,382,2019,,,,,,,,,,,,,,,
上海,上,263,2019,,,,,,,,,,,,,,,
上海南,上,174,2019,,,,,,,,,,,,,,,
上海虹桥,上,558,2019,,,,,,,,,,,,,,,
杭州,上,109,2019,,,,,,,,,,,,,,,
杭州东,上,615,2019,,,,,,,,,,,,,,,
义乌,上,305,2019,,,,,,,,,,,,,,,
金华,上,264,2019,,,,,,,,,,,,,,,
上饶,南,288,2019,,,,,,,,,,,,,,,
鹰潭,南,99,2019,,,,,,,,,,,,,,,
南昌,南,210,2019,,,,,,,,,,,,,,,
长沙,广,309,2019,,,,,,,,,,,,,,,
长沙南,广,470,2019,,,,,,,,,,,,,,,
株洲,广,160,2019,,,,,,,,,,,,,,,
衡阳,广,154,2019,,,,,,,,,,,,,,,
广州,广,213,2019,,,,,,,,,,,,,,,
广州东,广,241,2019,,,,,,,,,,,,,,,
广州南,广,812,2019,,,,,,,,,,,,,,,
东莞,广,227,2019,,,,,,,,,,,,,,,
深圳,广,208,2019,,,,,,,,,,,,,,,
深圳北,广,529,2019,,,,,,,,,,,,,,,
成都,成,69,2019,,,,,,,,,,,,,,,
成都东,成,382,2019,,,,,,,,,,,,,,,
哈尔滨,哈,188,2020,,,,,,,,,,,,,,,
长春,沈,272,2020,,,,,,,,,,,,,,,
沈阳北,沈,247,2020,,,,,,,,,,,,,,,
沈阳,沈,263,2020,,,,,,,,,,,,,,,
北京,京,202,2020,,,,,,,,,,,,,,,
北京西,京,351,2020,,,,,,,,,,,,,,,
北京南,京,471,2020,,,,,,,,,,,,,,,
天津,京,320,2020,,,,,,,,,,,,,,,
石家庄,京,440,2020,,,,,,,,,,,,,,,
郑州,郑,283,2020,,,,,,,,,,,,,,,
郑州东,郑,487,2020,,,,,,,,,,,,,,,
汉口,武,247,2020,,,,,,,,,,,,,,,
武昌,武,164,2020,,,,,,,,,,,,,,,
武汉,武,319,2020,,,,,,,,,,,,,,,
西安,西,182,2020,,,,,,,,,,,,,,,
西安北,西,389,2020,,,,,,,,,,,,,,,
宝鸡,西,83,2020,,,,,,,,,,,,,,,
济南西,济,340,2020,,,,,,,,,,,,,,,
徐州,上,169,2020,,,,,,,,,,,,,,,
徐州东,上,314,2020,,,,,,,,,,,,,,,
合肥,上,153,2020,,,,,,,,,,,,,,,
合肥南,上,301,2020,,,,,,,,,,,,,,,
南京,上,283,2020,,,,,,,,,,,,,,,
南京南,上,570,2020,,,,,,,,,,,,,,,
镇江,上,172,2020,,,,,,,,,,,,,,,
常州,上,301,2020,,,,,,,,,,,,,,,
无锡,上,329,2020,,,,,,,,,,,,,,,
苏州,上,356,2020,,,,,,,,,,,,,,,
上海,上,276,2020,,,,,,,,,,,,,,,
上海南,上,183,2020,,,,,,,,,,,,,,,
上海虹桥,上,593,2020,,,,,,,,,,,,,,,
杭州,上,126,2020,,,,,,,,,,,,,,,
杭州东,上,566,2020,,,,,,,,,,,,,,,
义乌,上,284,2020,,,,,,,,,,,,,,,
金华,上,250,2020,,,,,,,,,,,,,,,
上饶,南,264,2020,,,,,,,,,,,,,,,
鹰潭,南,76,2020,,,,,,,,,,,,,,,
南昌,南,176,2020,,,,,,,,,,,,,,,
长沙,广,335,2020,,,,,,,,,,,,,,,
长沙南,广,458,2020,,,,,,,,,,,,,,,
株洲,广,61,2020,,,,,,,,,,,,,,,
衡阳,广,136,2020,,,,,,,,,,,,,,,
广州,广,216,2020,,,,,,,,,,,,,,,
广州东,广,277,2020,,,,,,,,,,,,,,,
广州南,广,767,2020,,,,,,,,,,,,,,,
东莞,广,221,2020,,,,,,,,,,,,,,,
深圳,广,212,2020,,,,,,,,,,,,,,,
深圳北,广,387,2020,,,,,,,,,,,,,,,
成都,成,73,2020,,,,,,,,,,,,,,,
成都东,成,424,2020,,,,,,,,,,,,,,,
